[
    "https://www.costco.com/warehouse-locations",
    "https://www.costco.com/warehouse-locations/w-jacksonville-jacksonville-fl-1294.html",
    "https://www.costco.com/warehouse-locations/surprise-az-1375.html",
    "https://www.costco.com/warehouse-locations/san-jose-bus-ctr-san-jose-ca-848.html",
    "https://www.costco.com/warehouse-locations/portland-or-2.html",
    "https://www.costco.com/warehouse-locations/tukwila-wa-6.html",
    "https://www.costco.com/warehouse-locations/kirkland-wa-8.html",
    "https://www.costco.com/warehouse-locations/aloha-or-9.html",
    "https://www.costco.com/warehouse-locations/anchorage-ak-10.html",
    "https://www.costco.com/warehouse-locations/silverdale-wa-13.html",
    "https://www.costco.com/warehouse-locations/eugene-or-17.html",
    "https://www.costco.com/warehouse-locations/danville-ca-21.html",
    "https://www.costco.com/warehouse-locations/reno-nv-25.html",
    "https://www.costco.com/warehouse-locations/laguna-niguel-ca-28.html",
    "https://www.costco.com/warehouse-locations/roseville-ca-roseville-ca-29.html",
    "https://www.costco.com/warehouse-locations/fresno-ca-31.html",
    "https://www.costco.com/warehouse-locations/seattle-wa-1.html",
    "https://www.costco.com/warehouse-locations/santa-rosa-ca-41.html",
    "https://www.costco.com/warehouse-locations/van-nuys-ca-48.html",
    "https://www.costco.com/warehouse-locations/federal-way-wa-61.html",
    "https://www.costco.com/warehouse-locations/stockton-ca-38.html",
    "https://www.costco.com/warehouse-locations/missoula-mt-67.html",
    "https://www.costco.com/warehouse-locations/pompano-pompano-beach-fl-88.html",
    "https://www.costco.com/warehouse-locations/davie-fl-91.html",
    "https://www.costco.com/warehouse-locations/palm-beach-gardens-fl-93.html",
    "https://www.costco.com/warehouse-locations/tacoma-wa-95.html",
    "https://www.costco.com/warehouse-locations/bozeman-mt-96.html",
    "https://www.costco.com/warehouse-locations/clackamas-or-97.html",
    "https://www.costco.com/warehouse-locations/ne-anchorage-anchorage-ak-63.html",
    "https://www.costco.com/warehouse-locations/tumwater-wa-64.html",
    "https://www.costco.com/warehouse-locations/clarkston-wa-103.html",
    "https://www.costco.com/warehouse-locations/aurora-village-shoreline-wa-106.html",
    "https://www.costco.com/warehouse-locations/juneau-ak-107.html",
    "https://www.costco.com/warehouse-locations/issaquah-wa-110.html",
    "https://www.costco.com/warehouse-locations/tigard-or-111.html",
    "https://www.costco.com/warehouse-locations/wenatchee-east-wenatchee-wa-112.html",
    "https://www.costco.com/warehouse-locations/salt-lake-city-ut-113.html",
    "https://www.costco.com/warehouse-locations/everett-wa-everett-wa-114.html",
    "https://www.costco.com/warehouse-locations/lynnwood-bus-ctr-lynnwood-wa-115.html",
    "https://www.costco.com/warehouse-locations/albuquerque-nm-116.html",
    "https://www.costco.com/warehouse-locations/westlake-village-ca-117.html",
    "https://www.costco.com/warehouse-locations/san-leandro-ca-118.html",
    "https://www.costco.com/warehouse-locations/tustin-ranch-tustin-ca-122.html",
    "https://www.costco.com/warehouse-locations/vista-ca-124.html",
    "https://www.costco.com/warehouse-locations/eureka-ca-125.html",
    "https://www.costco.com/warehouse-locations/garden-grove-ca-126.html",
    "https://www.costco.com/warehouse-locations/carson-city-nv-127.html",
    "https://www.costco.com/warehouse-locations/simi-valley-ca-128.html",
    "https://www.costco.com/warehouse-locations/santa-clara-ca-129.html",
    "https://www.costco.com/warehouse-locations/los-feliz-los-angeles-ca-130.html",
    "https://www.costco.com/warehouse-locations/sand-city-ca-131.html",
    "https://www.costco.com/warehouse-locations/vallejo-ca-132.html",
    "https://www.costco.com/warehouse-locations/maui-kahului-hi-119.html",
    "https://www.costco.com/warehouse-locations/hawaii-kai-honolulu-hi-120.html",
    "https://www.costco.com/warehouse-locations/el-centro-ca-121.html",
    "https://www.costco.com/warehouse-locations/mountain-view-ca-143.html",
    "https://www.costco.com/warehouse-locations/san-francisco-ca-144.html",
    "https://www.costco.com/warehouse-locations/twin-falls-id-145.html",
    "https://www.costco.com/warehouse-locations/livermore-ca-146.html",
    "https://www.costco.com/warehouse-locations/foster-city-ca-147.html",
    "https://www.costco.com/warehouse-locations/san-jose-ca-148.html",
    "https://www.costco.com/warehouse-locations/santa-cruz-ca-149.html",
    "https://www.costco.com/warehouse-locations/kona-kailua-kona-hi-140.html",
    "https://www.costco.com/warehouse-locations/novato-ca-141.html",
    "https://www.costco.com/warehouse-locations/merced-ca-142.html",
    "https://www.costco.com/warehouse-locations/lantana-fl-180.html",
    "https://www.costco.com/warehouse-locations/miami-lakes-fl-181.html",
    "https://www.costco.com/warehouse-locations/altamonte-springs-fl-183.html",
    "https://www.costco.com/warehouse-locations/e-orlando-winter-park-fl-185.html",
    "https://www.costco.com/warehouse-locations/norfolk-va-202.html",
    "https://www.costco.com/warehouse-locations/glen-burnie-md-203.html",
    "https://www.costco.com/warehouse-locations/fairfax-va-204.html",
    "https://www.costco.com/warehouse-locations/w-henrico-glen-allen-va-205.html",
    "https://www.costco.com/warehouse-locations/nesconset-ny-206.html",
    "https://www.costco.com/warehouse-locations/white-marsh-baltimore-md-208.html",
    "https://www.costco.com/warehouse-locations/gwinnett-duluth-ga-187.html",
    "https://www.costco.com/warehouse-locations/perimeter-atlanta-ga-188.html",
    "https://www.costco.com/warehouse-locations/town-center-kennesaw-ga-189.html",
    "https://www.costco.com/warehouse-locations/hazlet-nj-222.html",
    "https://www.costco.com/warehouse-locations/manassas-va-225.html",
    "https://www.costco.com/warehouse-locations/westbury-ny-226.html",
    "https://www.costco.com/warehouse-locations/newington-springfield-va-227.html",
    "https://www.costco.com/warehouse-locations/holbrook-ny-230.html",
    "https://www.costco.com/warehouse-locations/pentagon-city-arlington-va-233.html",
    "https://www.costco.com/warehouse-locations/melville-ny-237.html",
    "https://www.costco.com/warehouse-locations/harrisonburg-va-238.html",
    "https://www.costco.com/warehouse-locations/winchester-va-239.html",
    "https://www.costco.com/warehouse-locations/commack-ny-240.html",
    "https://www.costco.com/warehouse-locations/gaithersburg-md-213.html",
    "https://www.costco.com/warehouse-locations/beltsville-md-214.html",
    "https://www.costco.com/warehouse-locations/sterling-va-218.html",
    "https://www.costco.com/warehouse-locations/newport-news-va-247.html",
    "https://www.costco.com/warehouse-locations/montgomeryville-north-wales-pa-248.html",
    "https://www.costco.com/warehouse-locations/durham-nc-249.html",
    "https://www.costco.com/warehouse-locations/new-rochelle-ny-241.html",
    "https://www.costco.com/warehouse-locations/queens-long-island-city-ny-243.html",
    "https://www.costco.com/warehouse-locations/east-hanover-nj-244.html",
    "https://www.costco.com/warehouse-locations/king-of-prussia-pa-245.html",
    "https://www.costco.com/warehouse-locations/christiana-newark-de-246.html",
    "https://www.costco.com/warehouse-locations/danvers-ma-301.html",
    "https://www.costco.com/warehouse-locations/west-springfield-ma-302.html",
    "https://www.costco.com/warehouse-locations/avon-ma-avon-ma-303.html",
    "https://www.costco.com/warehouse-locations/brookfield-ct-304.html",
    "https://www.costco.com/warehouse-locations/milford-ct-312.html",
    "https://www.costco.com/warehouse-locations/waterbury-ct-313.html",
    "https://www.costco.com/warehouse-locations/colchester-vt-314.html",
    "https://www.costco.com/warehouse-locations/wharton-nj-315.html",
    "https://www.costco.com/warehouse-locations/staten-island-ny-316.html",
    "https://www.costco.com/warehouse-locations/lancaster-pa-lancaster-pa-317.html",
    "https://www.costco.com/warehouse-locations/brooklyn-ny-318.html",
    "https://www.costco.com/warehouse-locations/dedham-ma-319.html",
    "https://www.costco.com/warehouse-locations/union-nj-320.html",
    "https://www.costco.com/warehouse-locations/yonkers-ny-321.html",
    "https://www.costco.com/warehouse-locations/bridgewater-nj-322.html",
    "https://www.costco.com/warehouse-locations/edison-nj-323.html",
    "https://www.costco.com/warehouse-locations/norwalk-ct-norwalk-ct-324.html",
    "https://www.costco.com/warehouse-locations/nanuet-ny-305.html",
    "https://www.costco.com/warehouse-locations/clifton-nj-306.html",
    "https://www.costco.com/warehouse-locations/nashua-nh-307.html",
    "https://www.costco.com/warehouse-locations/waltham-ma-308.html",
    "https://www.costco.com/warehouse-locations/lawrence-ny-310.html",
    "https://www.costco.com/warehouse-locations/frederick-md-330.html",
    "https://www.costco.com/warehouse-locations/robinson-pittsburgh-pa-332.html",
    "https://www.costco.com/warehouse-locations/everett-ma-everett-ma-333.html",
    "https://www.costco.com/warehouse-locations/chantilly-va-334.html",
    "https://www.costco.com/warehouse-locations/carolina-san-juan-pr-335.html",
    "https://www.costco.com/warehouse-locations/clearwater-fl-336.html",
    "https://www.costco.com/warehouse-locations/leesburg-va-337.html",
    "https://www.costco.com/warehouse-locations/myrtle-beach-sc-338.html",
    "https://www.costco.com/warehouse-locations/greensboro-nc-339.html",
    "https://www.costco.com/warehouse-locations/fredericksburg-va-340.html",
    "https://www.costco.com/warehouse-locations/commerce-township-mi-341.html",
    "https://www.costco.com/warehouse-locations/naperville-il-342.html",
    "https://www.costco.com/warehouse-locations/arundel-mills-hanover-md-325.html",
    "https://www.costco.com/warehouse-locations/port-chester-ny-326.html",
    "https://www.costco.com/warehouse-locations/harrisburg-pa-327.html",
    "https://www.costco.com/warehouse-locations/cranberry-township-pa-328.html",
    "https://www.costco.com/warehouse-locations/ocean-township-ocean-nj-329.html",
    "https://www.costco.com/warehouse-locations/lenexa-ks-349.html",
    "https://www.costco.com/warehouse-locations/fort-myers-fl-351.html",
    "https://www.costco.com/warehouse-locations/ne-memphis-cordova-tn-352.html",
    "https://www.costco.com/warehouse-locations/se-memphis-memphis-tn-353.html",
    "https://www.costco.com/warehouse-locations/naples-fl-354.html",
    "https://www.costco.com/warehouse-locations/huntsville-al-356.html",
    "https://www.costco.com/warehouse-locations/e-jacksonville-jacksonville-fl-357.html",
    "https://www.costco.com/warehouse-locations/brandon-fl-358.html",
    "https://www.costco.com/warehouse-locations/charlotte-nc-359.html",
    "https://www.costco.com/warehouse-locations/charleston-sc-360.html",
    "https://www.costco.com/warehouse-locations/sacramento-bus-ctr-sacramento-ca-893.html",
    "https://www.costco.com/warehouse-locations/avon-oh-avon-oh-343.html",
    "https://www.costco.com/warehouse-locations/mayfield-heights-cleveland-oh-344.html",
    "https://www.costco.com/warehouse-locations/boca-raton-fl-345.html",
    "https://www.costco.com/warehouse-locations/castleton-indianapolis-in-346.html",
    "https://www.costco.com/warehouse-locations/fortune-park-indianapolis-in-347.html",
    "https://www.costco.com/warehouse-locations/glenview-il-348.html",
    "https://www.costco.com/warehouse-locations/s-st-louis-saint-louis-mo-368.html",
    "https://www.costco.com/warehouse-locations/overland-park-ks-369.html",
    "https://www.costco.com/warehouse-locations/merrillville-in-370.html",
    "https://www.costco.com/warehouse-locations/bloomingdale-il-371.html",
    "https://www.costco.com/warehouse-locations/coon-rapids-minneapolis-mn-372.html",
    "https://www.costco.com/warehouse-locations/independence-mo-373.html",
    "https://www.costco.com/warehouse-locations/lakeside-shelby-township-mi-374.html",
    "https://www.costco.com/warehouse-locations/kansas-city-mo-375.html",
    "https://www.costco.com/warehouse-locations/auburn-hills-mi-376.html",
    "https://www.costco.com/warehouse-locations/st-louis-park-saint-louis-park-mn-377.html",
    "https://www.costco.com/warehouse-locations/winston-salem-nc-361.html",
    "https://www.costco.com/warehouse-locations/hoover-al-362.html",
    "https://www.costco.com/warehouse-locations/e-bayamon-bayamon-pr-363.html",
    "https://www.costco.com/warehouse-locations/w-bayamon-bayamon-pr-364.html",
    "https://www.costco.com/warehouse-locations/caguas-caguas-bairoa-ward-pr-365.html",
    "https://www.costco.com/warehouse-locations/mall-of-georgia-buford-ga-366.html",
    "https://www.costco.com/warehouse-locations/matthews-nc-367.html",
    "https://www.costco.com/warehouse-locations/schaumburg-il-387.html",
    "https://www.costco.com/warehouse-locations/oak-brook-il-388.html",
    "https://www.costco.com/warehouse-locations/middlebelt-livonia-mi-390.html",
    "https://www.costco.com/warehouse-locations/haggerty-livonia-mi-391.html",
    "https://www.costco.com/warehouse-locations/madison-heights-mi-393.html",
    "https://www.costco.com/warehouse-locations/roseville-mi-roseville-mi-394.html",
    "https://www.costco.com/warehouse-locations/morena-san-diego-ca-401.html",
    "https://www.costco.com/warehouse-locations/dallas-bus-ctr-dallas-tx-655.html",
    "https://www.costco.com/warehouse-locations/lake-zurich-il-378.html",
    "https://www.costco.com/warehouse-locations/lincoln-park-chicago-il-380.html",
    "https://www.costco.com/warehouse-locations/st-peters-saint-peters-mo-382.html",
    "https://www.costco.com/warehouse-locations/niles-il-383.html",
    "https://www.costco.com/warehouse-locations/deerfield-cincinnati-oh-384.html",
    "https://www.costco.com/warehouse-locations/brentwood-tn-brentwood-tn-386.html",
    "https://www.costco.com/warehouse-locations/oxnard-ca-420.html",
    "https://www.costco.com/warehouse-locations/s-san-francisco-south-san-francisco-ca-422.html",
    "https://www.costco.com/warehouse-locations/sunnyvale-ca-423.html",
    "https://www.costco.com/warehouse-locations/signal-hill-ca-424.html",
    "https://www.costco.com/warehouse-locations/alhambra-ca-428.html",
    "https://www.costco.com/warehouse-locations/san-juan-capistrano-ca-429.html",
    "https://www.costco.com/warehouse-locations/nw-tucson-tucson-az-431.html",
    "https://www.costco.com/warehouse-locations/santee-ca-403.html",
    "https://www.costco.com/warehouse-locations/tucson-az-407.html",
    "https://www.costco.com/warehouse-locations/norwalk-ca-norwalk-ca-410.html",
    "https://www.costco.com/warehouse-locations/fountain-valley-ca-411.html",
    "https://www.costco.com/warehouse-locations/azusa-ca-412.html",
    "https://www.costco.com/warehouse-locations/fullerton-ca-418.html",
    "https://www.costco.com/warehouse-locations/santa-clarita-ca-447.html",
    "https://www.costco.com/warehouse-locations/carmel-mountain-san-diego-ca-452.html",
    "https://www.costco.com/warehouse-locations/fairfield-ca-453.html",
    "https://www.costco.com/warehouse-locations/irvine-ca-454.html",
    "https://www.costco.com/warehouse-locations/moreno-valley-ca-455.html",
    "https://www.costco.com/warehouse-locations/rancho-del-rey-chula-vista-ca-460.html",
    "https://www.costco.com/warehouse-locations/ontario-bus-ctr-ontario-ca-947.html",
    "https://www.costco.com/warehouse-locations/corona-ca-432.html",
    "https://www.costco.com/warehouse-locations/tempe-az-436.html",
    "https://www.costco.com/warehouse-locations/northridge-ca-437.html",
    "https://www.costco.com/warehouse-locations/rancho-cordova-ca-438.html",
    "https://www.costco.com/warehouse-locations/aurora-co-439.html",
    "https://www.costco.com/warehouse-locations/westminster-co-westminster-co-440.html",
    "https://www.costco.com/warehouse-locations/palm-desert-ca-441.html",
    "https://www.costco.com/warehouse-locations/sw-denver-littleton-co-443.html",
    "https://www.costco.com/warehouse-locations/yorba-linda-ca-445.html",
    "https://www.costco.com/warehouse-locations/goleta-ca-474.html",
    "https://www.costco.com/warehouse-locations/el-camino-south-san-francisco-ca-475.html",
    "https://www.costco.com/warehouse-locations/san-bernardino-ca-478.html",
    "https://www.costco.com/warehouse-locations/culver-city-marina-del-rey-ca-479.html",
    "https://www.costco.com/warehouse-locations/superior-co-480.html",
    "https://www.costco.com/warehouse-locations/carlsbad-ca-462.html",
    "https://www.costco.com/warehouse-locations/sacramento-ca-464.html",
    "https://www.costco.com/warehouse-locations/thomas-road-phoenix-az-465.html",
    "https://www.costco.com/warehouse-locations/prescott-az-466.html",
    "https://www.costco.com/warehouse-locations/douglas-county-littleton-co-468.html",
    "https://www.costco.com/warehouse-locations/la-mesa-ca-469.html",
    "https://www.costco.com/warehouse-locations/almaden-san-jose-ca-470.html",
    "https://www.costco.com/warehouse-locations/cal-expo-sacramento-sacramento-ca-471.html",
    "https://www.costco.com/warehouse-locations/salinas-ca-472.html",
    "https://www.costco.com/warehouse-locations/chino-hills-ca-473.html",
    "https://www.costco.com/warehouse-locations/monterey-park-ca-1318.html",
    "https://www.costco.com/warehouse-locations/gilbert-az-481.html",
    "https://www.costco.com/warehouse-locations/richmond-ca-richmond-ca-482.html",
    "https://www.costco.com/warehouse-locations/se-san-diego-san-diego-ca-483.html",
    "https://www.costco.com/warehouse-locations/orem-ut-484.html",
    "https://www.costco.com/warehouse-locations/waipio-waipahu-hi-485.html",
    "https://www.costco.com/warehouse-locations/kennewick-wa-486.html",
    "https://www.costco.com/warehouse-locations/sandy-ut-487.html",
    "https://www.costco.com/warehouse-locations/mission-valley-san-diego-ca-488.html",
    "https://www.costco.com/warehouse-locations/fort-worth-tx-489.html",
    "https://www.costco.com/warehouse-locations/n-phoenix-phoenix-az-490.html",
    "https://www.costco.com/warehouse-locations/temecula-ca-491.html",
    "https://www.costco.com/warehouse-locations/n-miami-north-miami-fl-1332.html",
    "https://www.costco.com/warehouse-locations/morrow-bus-ctr-morrow-ga-579.html",
    "https://www.costco.com/warehouse-locations/bedford-park-bus-ctr-chicago-il-580.html",
    "https://www.costco.com/warehouse-locations/ukiah-ca-1297.html",
    "https://www.costco.com/warehouse-locations/las-vegas-bus-ctr-las-vegas-nv-563.html",
    "https://www.costco.com/warehouse-locations/hawthorne-bus-ctr-hawthorne-ca-564.html",
    "https://www.costco.com/warehouse-locations/commerce-bus-ctr-commerce-ca-569.html",
    "https://www.costco.com/warehouse-locations/san-diego-bus-ctr-san-diego-ca-578.html",
    "https://www.costco.com/warehouse-locations/n-spokane-spokane-wa-1298.html",
    "https://www.costco.com/warehouse-locations/estero-fort-myers-fl-621.html",
    "https://www.costco.com/warehouse-locations/west-valley-salt-lake-city-ut-622.html",
    "https://www.costco.com/warehouse-locations/royal-palm-beach-fl-623.html",
    "https://www.costco.com/warehouse-locations/gig-harbor-wa-624.html",
    "https://www.costco.com/warehouse-locations/strongsville-oh-625.html",
    "https://www.costco.com/warehouse-locations/potomac-mills-woodbridge-va-626.html",
    "https://www.costco.com/warehouse-locations/fontana-ca-627.html",
    "https://www.costco.com/warehouse-locations/grafton-wi-628.html",
    "https://www.costco.com/warehouse-locations/thornton-co-629.html",
    "https://www.costco.com/warehouse-locations/w-nashville-nashville-tn-630.html",
    "https://www.costco.com/warehouse-locations/cumberland-mall-atlanta-ga-631.html",
    "https://www.costco.com/warehouse-locations/columbus-oh-632.html",
    "https://www.costco.com/warehouse-locations/helena-mt-633.html",
    "https://www.costco.com/warehouse-locations/ne-louisville-louisville-ky-634.html",
    "https://www.costco.com/warehouse-locations/wilmington-nc-635.html",
    "https://www.costco.com/warehouse-locations/duncanville-tx-636.html",
    "https://www.costco.com/warehouse-locations/gypsum-co-637.html",
    "https://www.costco.com/warehouse-locations/sequim-wa-639.html",
    "https://www.costco.com/warehouse-locations/kauai-lihue-hi-640.html",
    "https://www.costco.com/warehouse-locations/s-austin-austin-tx-641.html",
    "https://www.costco.com/warehouse-locations/marysville-wa-marysville-wa-642.html",
    "https://www.costco.com/warehouse-locations/sw-bakersfield-bakersfield-ca-643.html",
    "https://www.costco.com/warehouse-locations/se-gilbert-gilbert-az-644.html",
    "https://www.costco.com/warehouse-locations/raleigh-nc-645.html",
    "https://www.costco.com/warehouse-locations/sparks-nv-646.html",
    "https://www.costco.com/warehouse-locations/orland-park-il-647.html",
    "https://www.costco.com/warehouse-locations/maple-grove-mn-648.html",
    "https://www.costco.com/warehouse-locations/homestead-pa-649.html",
    "https://www.costco.com/warehouse-locations/denver-bus-ctr-denver-co-650.html",
    "https://www.costco.com/warehouse-locations/orlando-bus-ctr-orlando-fl-651.html",
    "https://www.costco.com/warehouse-locations/minneapolis-bus-ctr-minneapolis-mn-652.html",
    "https://www.costco.com/warehouse-locations/burbank-bus-ctr-north-hollywood-ca-653.html",
    "https://www.costco.com/warehouse-locations/s-san-francisco-bus-ctr-south-san-francisco-ca-654.html",
    "https://www.costco.com/warehouse-locations/n-fresno-fresno-ca-657.html",
    "https://www.costco.com/warehouse-locations/la-quinta-ca-638.html",
    "https://www.costco.com/warehouse-locations/rohnert-park-ca-659.html",
    "https://www.costco.com/warehouse-locations/puyallup-wa-660.html",
    "https://www.costco.com/warehouse-locations/modesto-ca-661.html",
    "https://www.costco.com/warehouse-locations/burlington-wa-burlington-wa-662.html",
    "https://www.costco.com/warehouse-locations/concord-ca-663.html",
    "https://www.costco.com/warehouse-locations/e-plano-plano-tx-664.html",
    "https://www.costco.com/warehouse-locations/se-albuquerque-albuquerque-nm-667.html",
    "https://www.costco.com/warehouse-locations/arlington-tx-668.html",
    "https://www.costco.com/warehouse-locations/southlake-tx-669.html",
    "https://www.costco.com/warehouse-locations/spokane-wa-670.html",
    "https://www.costco.com/warehouse-locations/hawthorne-ca-671.html",
    "https://www.costco.com/warehouse-locations/st-george-saint-george-ut-672.html",
    "https://www.costco.com/warehouse-locations/henderson-nv-673.html",
    "https://www.costco.com/warehouse-locations/glendale-az-674.html",
    "https://www.costco.com/warehouse-locations/willowbrook-houston-tx-675.html",
    "https://www.costco.com/warehouse-locations/arvada-co-676.html",
    "https://www.costco.com/warehouse-locations/tracy-ca-658.html",
    "https://www.costco.com/warehouse-locations/rancho-cucamonga-ca-678.html",
    "https://www.costco.com/warehouse-locations/city-of-industry-ca-679.html",
    "https://www.costco.com/warehouse-locations/bunker-hill-houston-tx-680.html",
    "https://www.costco.com/warehouse-locations/austin-tx-681.html",
    "https://www.costco.com/warehouse-locations/albany-or-682.html",
    "https://www.costco.com/warehouse-locations/lewisville-tx-683.html",
    "https://www.costco.com/warehouse-locations/w-plano-plano-tx-684.html"
]