[
    "https://www.costco.com/warehouse-locations/chandler-az-736.html",
    "https://www.costco.com/warehouse-locations/centennial-las-vegas-nv-737.html",
    "https://www.costco.com/warehouse-locations/cave-creek-phoenix-az-738.html",
    "https://www.costco.com/warehouse-locations/brick-township-brick-nj-739.html",
    "https://www.costco.com/warehouse-locations/lacey-wa-740.html",
    "https://www.costco.com/warehouse-locations/san-luis-obispo-ca-741.html",
    "https://www.costco.com/warehouse-locations/pembroke-pines-fl-742.html",
    "https://www.costco.com/warehouse-locations/alpharetta-ga-743.html",
    "https://www.costco.com/warehouse-locations/wyoming-mi-744.html",
    "https://www.costco.com/warehouse-locations/lake-elsinore-ca-746.html",
    "https://www.costco.com/warehouse-locations/lehi-ut-733.html",
    "https://www.costco.com/warehouse-locations/nampa-id-734.html",
    "https://www.costco.com/warehouse-locations/bountiful-west-bountiful-ut-735.html",
    "https://www.costco.com/warehouse-locations/gilroy-ca-760.html",
    "https://www.costco.com/warehouse-locations/boise-id-761.html",
    "https://www.costco.com/warehouse-locations/lancaster-ca-lancaster-ca-762.html",
    "https://www.costco.com/warehouse-locations/murray-ut-764.html",
    "https://www.costco.com/warehouse-locations/woodinville-wa-747.html",
    "https://www.costco.com/warehouse-locations/cypress-ca-cypress-ca-748.html",
    "https://www.costco.com/warehouse-locations/mt-laurel-mount-laurel-nj-749.html",
    "https://www.costco.com/warehouse-locations/coeur-d-alene-id-773.html",
    "https://www.costco.com/warehouse-locations/lake-in-the-hills-il-774.html",
    "https://www.costco.com/warehouse-locations/poway-ca-775.html",
    "https://www.costco.com/warehouse-locations/la-habra-ca-777.html",
    "https://www.costco.com/warehouse-locations/fremont-ca-778.html",
    "https://www.costco.com/warehouse-locations/mt-prospect-mount-prospect-il-779.html",
    "https://www.costco.com/warehouse-locations/enfield-ct-780.html",
    "https://www.costco.com/warehouse-locations/chula-vista-ca-781.html",
    "https://www.costco.com/warehouse-locations/turlock-ca-782.html",
    "https://www.costco.com/warehouse-locations/eastvale-ca-1317.html",
    "https://www.costco.com/warehouse-locations/folsom-ca-765.html",
    "https://www.costco.com/warehouse-locations/wilsonville-or-766.html",
    "https://www.costco.com/warehouse-locations/fife-bus-ctr-fife-wa-767.html",
    "https://www.costco.com/warehouse-locations/el-paso-tx-768.html",
    "https://www.costco.com/warehouse-locations/inglewood-ca-769.html",
    "https://www.costco.com/warehouse-locations/south-ogden-ogden-ut-770.html",
    "https://www.costco.com/warehouse-locations/citrus-heights-ca-771.html",
    "https://www.costco.com/warehouse-locations/vancouver-wa-vancouver-wa-772.html",
    "https://www.costco.com/warehouse-locations/eden-prairie-mn-783.html",
    "https://www.costco.com/warehouse-locations/grand-rapids-mi-784.html",
    "https://www.costco.com/warehouse-locations/riverhead-ny-785.html",
    "https://www.costco.com/warehouse-locations/green-oak-township-brighton-mi-786.html",
    "https://www.costco.com/warehouse-locations/west-des-moines-ia-788.html",
    "https://www.costco.com/warehouse-locations/hayward-bus-ctr-hayward-ca-823.html",
    "https://www.costco.com/warehouse-locations/phoenix-bus-ctr-phoenix-az-827.html",
    "https://www.costco.com/warehouse-locations/westminster-bus-ctr-westminster-ca-943.html",
    "https://www.costco.com/warehouse-locations/springfield-mo-1486.html",
    "https://www.costco.com/warehouse-locations/columbia-md-elkridge-md-1000.html",
    "https://www.costco.com/warehouse-locations/tustin-ca-1001.html",
    "https://www.costco.com/warehouse-locations/antioch-ca-1002.html",
    "https://www.costco.com/warehouse-locations/woodland-ca-1003.html",
    "https://www.costco.com/warehouse-locations/ne-san-jose-san-jose-ca-1004.html",
    "https://www.costco.com/warehouse-locations/greenville-sc-1005.html",
    "https://www.costco.com/warehouse-locations/selma-tx-1006.html",
    "https://www.costco.com/warehouse-locations/toledo-oh-1007.html",
    "https://www.costco.com/warehouse-locations/spartanburg-sc-1008.html",
    "https://www.costco.com/warehouse-locations/montgomery-al-1009.html",
    "https://www.costco.com/warehouse-locations/victorville-ca-1010.html",
    "https://www.costco.com/warehouse-locations/chico-ca-1011.html",
    "https://www.costco.com/warehouse-locations/omaha-ne-1012.html",
    "https://www.costco.com/warehouse-locations/union-gap-wa-1013.html",
    "https://www.costco.com/warehouse-locations/e-colorado-springs-colorado-springs-co-1014.html",
    "https://www.costco.com/warehouse-locations/san-dimas-ca-1015.html",
    "https://www.costco.com/warehouse-locations/nw-albuquerque-albuquerque-nm-1016.html",
    "https://www.costco.com/warehouse-locations/visalia-ca-1017.html",
    "https://www.costco.com/warehouse-locations/galleria-houston-tx-1018.html",
    "https://www.costco.com/warehouse-locations/south-jordan-ut-1019.html",
    "https://www.costco.com/warehouse-locations/middleton-wi-1020.html",
    "https://www.costco.com/warehouse-locations/maplewood-mn-1021.html",
    "https://www.costco.com/warehouse-locations/parker-co-1022.html",
    "https://www.costco.com/warehouse-locations/kendall-miami-fl-1023.html",
    "https://www.costco.com/warehouse-locations/manahawkin-stafford-township-nj-1025.html",
    "https://www.costco.com/warehouse-locations/tallahassee-fl-1026.html",
    "https://www.costco.com/warehouse-locations/sheridan-co-1027.html",
    "https://www.costco.com/warehouse-locations/mesa-az-1028.html",
    "https://www.costco.com/warehouse-locations/covington-wa-covington-wa-1029.html",
    "https://www.costco.com/warehouse-locations/w-colorado-springs-colorado-springs-co-1030.html",
    "https://www.costco.com/warehouse-locations/manteca-ca-1031.html",
    "https://www.costco.com/warehouse-locations/pocatello-id-1033.html",
    "https://www.costco.com/warehouse-locations/bloomfield-mi-1037.html",
    "https://www.costco.com/warehouse-locations/kapolei-hi-1038.html",
    "https://www.costco.com/warehouse-locations/brandywine-md-1039.html",
    "https://www.costco.com/warehouse-locations/st-charles-saint-charles-il-1040.html",
    "https://www.costco.com/warehouse-locations/redwood-city-ca-1042.html",
    "https://www.costco.com/warehouse-locations/rockwall-tx-1049.html",
    "https://www.costco.com/warehouse-locations/paradise-valley-phoenix-az-1058.html",
    "https://www.costco.com/warehouse-locations/warrenton-or-1059.html",
    "https://www.costco.com/warehouse-locations/manchester-mo-manchester-mo-1060.html",
    "https://www.costco.com/warehouse-locations/lakewood-ca-1050.html",
    "https://www.costco.com/warehouse-locations/manhattan-new-york-ny-1062.html",
    "https://www.costco.com/warehouse-locations/hayward-ca-1061.html",
    "https://www.costco.com/warehouse-locations/pacoima-ca-1071.html",
    "https://www.costco.com/warehouse-locations/roseburg-or-1073.html",
    "https://www.costco.com/warehouse-locations/mettawa-il-1074.html",
    "https://www.costco.com/warehouse-locations/woodmore-towne-centre-glenarden-md-1078.html",
    "https://www.costco.com/warehouse-locations/sw-tucson-tucson-az-1079.html",
    "https://www.costco.com/warehouse-locations/san-marcos-ca-1080.html",
    "https://www.costco.com/warehouse-locations/sanatoga-pottstown-pa-1081.html",
    "https://www.costco.com/warehouse-locations/fort-oglethorpe-ringgold-ga-1083.html",
    "https://www.costco.com/warehouse-locations/rego-park-ny-1070.html",
    "https://www.costco.com/warehouse-locations/burnsville-mn-1087.html",
    "https://www.costco.com/warehouse-locations/bolingbrook-il-1088.html",
    "https://www.costco.com/warehouse-locations/chesterfield-north-chesterfield-va-1089.html",
    "https://www.costco.com/warehouse-locations/lodi-ca-1091.html",
    "https://www.costco.com/warehouse-locations/marlboro-morganville-nj-1093.html",
    "https://www.costco.com/warehouse-locations/frisco-tx-1097.html",
    "https://www.costco.com/warehouse-locations/pewaukee-wi-1101.html",
    "https://www.costco.com/warehouse-locations/augusta-ga-1102.html",
    "https://www.costco.com/warehouse-locations/bucks-county-warminster-pa-1103.html",
    "https://www.costco.com/warehouse-locations/brookhaven-atlanta-ga-1084.html",
    "https://www.costco.com/warehouse-locations/melrose-park-il-1085.html",
    "https://www.costco.com/warehouse-locations/e-vancouver-wa-camas-wa-1086.html",
    "https://www.costco.com/warehouse-locations/huntington-beach-ca-1110.html",
    "https://www.costco.com/warehouse-locations/coralville-ia-1111.html",
    "https://www.costco.com/warehouse-locations/concordville-glen-mills-pa-1114.html",
    "https://www.costco.com/warehouse-locations/mt-vernon-alexandria-va-1115.html",
    "https://www.costco.com/warehouse-locations/farragut-knoxville-tn-1116.html",
    "https://www.costco.com/warehouse-locations/spanish-fork-ut-1118.html",
    "https://www.costco.com/warehouse-locations/west-fargo-nd-west-fargo-nd-1119.html",
    "https://www.costco.com/warehouse-locations/washington-dc-washington-dc-1120.html",
    "https://www.costco.com/warehouse-locations/sun-prairie-wi-1121.html",
    "https://www.costco.com/warehouse-locations/baxter-mn-1122.html",
    "https://www.costco.com/warehouse-locations/sarasota-mall-sarasota-fl-1123.html",
    "https://www.costco.com/warehouse-locations/pittsfield-township-ann-arbor-mi-1106.html",
    "https://www.costco.com/warehouse-locations/chicago-south-loop-chicago-il-1107.html",
    "https://www.costco.com/warehouse-locations/pharr-tx-1108.html",
    "https://www.costco.com/warehouse-locations/wheaton-md-1124.html",
    "https://www.costco.com/warehouse-locations/rochester-mn-rochester-mn-1125.html",
    "https://www.costco.com/warehouse-locations/east-peoria-il-1126.html",
    "https://www.costco.com/warehouse-locations/cedar-park-tx-cedar-park-tx-1152.html",
    "https://www.costco.com/warehouse-locations/north-riverside-il-north-riverside-il-1153.html",
    "https://www.costco.com/warehouse-locations/lexington-ky-1156.html",
    "https://www.costco.com/warehouse-locations/sioux-falls-sd-1159.html",
    "https://www.costco.com/warehouse-locations/easton-oh-columbus-oh-1160.html",
    "https://www.costco.com/warehouse-locations/fort-wayne-in-1161.html",
    "https://www.costco.com/warehouse-locations/bellevue-green-bay-bellevue-wi-1162.html",
    "https://www.costco.com/warehouse-locations/lubbock-tx-lubbock-tx-1163.html",
    "https://www.costco.com/warehouse-locations/north-plainfield-nj-1166.html",
    "https://www.costco.com/warehouse-locations/sugar-land-tx-1146.html",
    "https://www.costco.com/warehouse-locations/new-orleans-la-1147.html",
    "https://www.costco.com/warehouse-locations/w-katy-katy-tx-1167.html",
    "https://www.costco.com/warehouse-locations/baton-rouge-la-1172.html",
    "https://www.costco.com/warehouse-locations/n-fort-worth-fort-worth-tx-1173.html",
    "https://www.costco.com/warehouse-locations/north-brunswick-nj-1174.html",
    "https://www.costco.com/warehouse-locations/cumming-ga-1175.html",
    "https://www.costco.com/warehouse-locations/syracuse-camillus-ny-1176.html",
    "https://www.costco.com/warehouse-locations/wayne-nj-1177.html",
    "https://www.costco.com/warehouse-locations/timnath-co-1178.html",
    "https://www.costco.com/warehouse-locations/mishawaka-granger-in-1183.html",
    "https://www.costco.com/warehouse-locations/charlottesville-va-1184.html",
    "https://www.costco.com/warehouse-locations/centerville-oh-1185.html",
    "https://www.costco.com/warehouse-locations/the-woodlands-conroe-tx-1189.html",
    "https://www.costco.com/warehouse-locations/lynnwood-wa-1190.html",
    "https://www.costco.com/warehouse-locations/kalamazoo-mi-1191.html",
    "https://www.costco.com/warehouse-locations/mobile-al-1192.html",
    "https://www.costco.com/warehouse-locations/perrysburg-oh-1194.html",
    "https://www.costco.com/warehouse-locations/rochester-ny-rochester-ny-1195.html",
    "https://www.costco.com/warehouse-locations/new-britain-ct-1196.html",
    "https://www.costco.com/warehouse-locations/florence-ky-1197.html",
    "https://www.costco.com/warehouse-locations/pleasant-prairie-wi-1198.html",
    "https://www.costco.com/warehouse-locations/princeton-lawrence-township-nj-1199.html",
    "https://www.costco.com/warehouse-locations/wichita-ks-1200.html",
    "https://www.costco.com/warehouse-locations/lafayette-la-1201.html",
    "https://www.costco.com/warehouse-locations/torrance-ca-1202.html",
    "https://www.costco.com/warehouse-locations/woodland-hills-ca-1205.html",
    "https://www.costco.com/warehouse-locations/apex-nc-1206.html",
    "https://www.costco.com/warehouse-locations/tulsa-ok-1207.html",
    "https://www.costco.com/warehouse-locations/cypress-tx-cypress-tx-1208.html",
    "https://www.costco.com/warehouse-locations/menomonee-falls-wi-1209.html",
    "https://www.costco.com/warehouse-locations/allentown-pa-1211.html",
    "https://www.costco.com/warehouse-locations/new-berlin-wi-1212.html",
    "https://www.costco.com/warehouse-locations/oceanside-ny-1215.html",
    "https://www.costco.com/warehouse-locations/bellingham-wa-1216.html",
    "https://www.costco.com/warehouse-locations/pearland-tx-1221.html",
    "https://www.costco.com/warehouse-locations/grand-chute-wi-1222.html",
    "https://www.costco.com/warehouse-locations/redmond-wa-1225.html",
    "https://www.costco.com/warehouse-locations/boston-heights-oh-1226.html",
    "https://www.costco.com/warehouse-locations/s-indianapolis-indianapolis-in-1227.html",
    "https://www.costco.com/warehouse-locations/humble-tx-1228.html",
    "https://www.costco.com/warehouse-locations/miami-fl-1229.html",
    "https://www.costco.com/warehouse-locations/teterboro-nj-1214.html",
    "https://www.costco.com/warehouse-locations/s-orlando-orlando-fl-1235.html",
    "https://www.costco.com/warehouse-locations/flemington-nj-1236.html",
    "https://www.costco.com/warehouse-locations/la-vista-ne-1237.html",
    "https://www.costco.com/warehouse-locations/louisville-ky-1238.html",
    "https://www.costco.com/warehouse-locations/nw-columbus-plain-city-oh-1243.html",
    "https://www.costco.com/warehouse-locations/hanford-ca-1244.html",
    "https://www.costco.com/warehouse-locations/wesley-chapel-lutz-fl-1249.html",
    "https://www.costco.com/warehouse-locations/columbia-sc-columbia-sc-1232.html",
    "https://www.costco.com/warehouse-locations/w-tampa-tampa-fl-1262.html",
    "https://www.costco.com/warehouse-locations/dallas-tx-1266.html",
    "https://www.costco.com/warehouse-locations/woodbury-mn-1272.html",
    "https://www.costco.com/warehouse-locations/elk-grove-ca-1274.html",
    "https://www.costco.com/warehouse-locations/santa-maria-ca-1275.html",
    "https://www.costco.com/warehouse-locations/n-kansas-city-kansas-city-mo-1268.html",
    "https://www.costco.com/warehouse-locations/east-lansing-mi-1277.html",
    "https://www.costco.com/warehouse-locations/bonney-lake-wa-1278.html",
    "https://www.costco.com/warehouse-locations/traverse-city-mi-1279.html",
    "https://www.costco.com/warehouse-locations/mckinney-tx-1284.html",
    "https://www.costco.com/warehouse-locations/lincoln-ne-1285.html",
    "https://www.costco.com/warehouse-locations/central-point-or-1287.html",
    "https://www.costco.com/warehouse-locations/pflugerville-tx-1322.html",
    "https://www.costco.com/warehouse-locations/great-oaks-san-jose-ca-1267.html",
    "https://www.costco.com/warehouse-locations/mt-pleasant-mount-pleasant-sc-1319.html",
    "https://www.costco.com/warehouse-locations/woodstock-ga-1295.html",
    "https://www.costco.com/warehouse-locations/owings-mills-md-1326.html",
    "https://www.costco.com/warehouse-locations/webster-tx-1330.html",
    "https://www.costco.com/warehouse-locations/sw-henderson-henderson-nv-1320.html",
    "https://www.costco.com/warehouse-locations/fairbanks-ak-1342.html",
    "https://www.costco.com/warehouse-locations/oklahoma-city-ok-1350.html",
    "https://www.costco.com/warehouse-locations/evansville-in-1331.html",
    "https://www.costco.com/warehouse-locations/mooresville-nc-1333.html",
    "https://www.costco.com/warehouse-locations/st-cloud-saint-cloud-mn-1344.html",
    "https://www.costco.com/warehouse-locations/loves-park-il-1353.html",
    "https://www.costco.com/warehouse-locations/davenport-ia-1325.html",
    "https://www.costco.com/warehouse-locations/clovis-ca-1360.html",
    "https://www.costco.com/warehouse-locations/sharpsburg-ga-1361.html",
    "https://www.costco.com/warehouse-locations/bradenton-fl-1364.html",
    "https://www.costco.com/warehouse-locations/eagan-mn-1363.html",
    "https://www.costco.com/warehouse-locations/scottsdale-az-427.html",
    "https://www.costco.com/warehouse-locations/coral-springs-fl-1323.html",
    "https://www.costco.com/warehouse-locations/bayonne-nj-1334.html",
    "https://www.costco.com/warehouse-locations/e-lyme-east-lyme-ct-1372.html",
    "https://www.costco.com/warehouse-locations/ridgeland-ms-1366.html",
    "https://www.costco.com/warehouse-locations/bismarck-nd-1380.html",
    "https://www.costco.com/warehouse-locations/idaho-falls-id-1379.html",
    "https://www.costco.com/warehouse-locations/saratoga-springs-ut-1383.html",
    "https://www.costco.com/warehouse-locations/cherry-hill-nj-1415.html",
    "https://www.costco.com/warehouse-locations/meridian-id-1343.html",
    "https://www.costco.com/warehouse-locations/champaign-il-1384.html",
    "https://www.costco.com/warehouse-locations/plainfield-il-1388.html",
    "https://www.costco.com/warehouse-locations/midland-mi-1420.html",
    "https://www.costco.com/warehouse-locations/dallas-ga-dallas-ga-1389.html",
    "https://www.costco.com/warehouse-locations/moore-ok-1444.html",
    "https://www.costco.com/warehouse-locations/murfreesboro-tn-1448.html",
    "https://www.costco.com/warehouse-locations/little-rock-ar-1442.html",
    "https://www.costco.com/warehouse-locations/ne-naperville-naperville-il-1443.html",
    "https://www.costco.com/warehouse-locations/melbourne-fl-1450.html",
    "https://www.costco.com/warehouse-locations/w-san-antonio-san-antonio-tx-1449.html",
    "https://www.costco.com/warehouse-locations/duluth-mn-1422.html",
    "https://www.costco.com/warehouse-locations/stafford-bus-ctr-stafford-tx-1487.html",
    "https://www.costco.com/warehouse-locations/south-windsor-ct-1493.html",
    "https://www.costco.com/warehouse-locations/avon-in-avon-in-1577.html",
    "https://www.costco.com/warehouse-locations/garner-raleigh-nc-1587.html",
    "https://www.costco.com/warehouse-locations/pooler-ga-1485.html",
    "https://www.costco.com/warehouse-locations/riverton-ut-1441.html",
    "https://www.costco.com/warehouse-locations/san-marcos-bus-ctr-san-marcos-ca-1581.html",
    "https://www.costco.com/warehouse-locations/salem-or-1492.html",
    "https://www.costco.com/warehouse-locations/redding-ca-1445.html",
    "https://www.costco.com/warehouse-locations/university-city-saint-louis-mo-1488.html",
    "https://www.costco.com/warehouse-locations/college-station-tx-1614.html",
    "https://www.costco.com/warehouse-locations/athens-ga-1621.html",
    "https://www.costco.com/warehouse-locations/georgetown-tx-1385.html",
    "https://www.costco.com/warehouse-locations/verona-wi-1491.html",
    "https://www.costco.com/warehouse-locations/lake-stevens-wa-1588.html",
    "https://www.costco.com/warehouse-locations/longmont-co-1628.html",
    "https://www.costco.com/warehouse-locations/kyle-tx-1629.html",
    "https://www.costco.com/warehouse-locations/queen-creek-az-1620.html",
    "https://www.costco.com/warehouse-locations/st-augustine-st-augustine-fl-1615.html",
    "https://www.costco.com/warehouse-locations/murrieta-ca-1390.html",
    "https://www.costco.com/warehouse-locations/puerto-rico-home-showroom-san-juan-pr-1622.html",
    "https://www.costco.com/warehouse-locations/ankeny-ia-1630.html",
    "https://www.costco.com/warehouse-locations/pleasanton-ca-1341.html",
    "https://www.costco.com/warehouse-locations/liberty-township-oh-1632.html",
    "https://www.costco.com/warehouse-locations/logan-ut-1633.html",
    "https://www.costco.com/warehouse-locations/north-canton-oh-1635.html",
    "https://www.costco.com/warehouse-locations/north-tulsa-tulsa-ok-1640.html",
    "https://www.costco.com/warehouse-locations/scarborough-me-scarborough-me-1657.html",
    "https://www.costco.com/warehouse-locations/loomis-ca-1371.html",
    "https://www.costco.com/warehouse-locations/billings-mt-1644.html",
    "https://www.costco.com/warehouse-locations/ne-denver-denver-co-1652.html",
    "https://www.costco.com/warehouse-locations/buckeye-az-1653.html",
    "https://www.costco.com/warehouse-locations/marysville-ca-linda-ca-1658.html",
    "https://www.costco.com/warehouse-locations/newark-ca-1660.html",
    "https://www.costco.com/warehouse-locations/anchorage-bus-ctr-anchorage-ak-1661.html",
    "https://www.costco.com/warehouse-locations/st-john-bus-ctr-st-louis-mo-1665.html",
    "https://www.costco.com/warehouse-locations/covington-la-covington-la-1670.html",
    "https://www.costco.com/warehouse-locations/stockbridge-mcdonough-ga-1675.html",
    "https://www.costco.com/warehouse-locations/north-port-fl-1682.html",
    "https://www.costco.com/warehouse-locations/daytona-daytona-beach-fl-1681.html",
    "https://www.costco.com/warehouse-locations/southfield-bus-ctr-southfield-mi-1663.html",
    "https://www.costco.com/warehouse-locations/clermont-fl-1649.html",
    "https://www.costco.com/warehouse-locations/hendersonville-tn-1659.html",
    "https://www.costco.com/warehouse-locations/eau-claire-wi-1664.html",
    "https://www.costco.com/warehouse-locations/noblesville-in-1666.html",
    "https://www.costco.com/warehouse-locations/natomas-sacramento-ca-1674.html",
    "https://www.costco.com/warehouse-locations/mt-juliet-mt-juliet-tn-1686.html",
    "https://www.costco.com/warehouse-locations/chaska-mn-1646.html",
    "https://www.costco.com/warehouse-locations/napa-ca-1679.html",
    "https://www.costco.com/warehouse-locations/riverbank-ca-1683.html",
    "https://www.costco.com/warehouse-locations/tomball-tx-1687.html",
    "https://www.costco.com/warehouse-locations/nw-omaha-omaha-ne-1690.html",
    "https://www.costco.com/warehouse-locations/prosper-tx-1694.html",
    "https://www.costco.com/warehouse-locations/richmond-tx-richmond-tx-1697.html",
    "https://www.costco.com/warehouse-locations/anchorage-home-showroom-anchorage-ak-1699.html",
    "https://www.costco.com/warehouse-locations/ontario-home-showroom-ontario-ca-1700.html",
    "https://www.costco.com/warehouse-locations/pearl-city-home-showroom-pearl-city-hi-1698.html",
    "https://www.costco.com/warehouse-locations/sharon-ma-1704.html",
    "https://www.costco.com/warehouse-locations/bend-or-1696.html",
    "https://www.costco.com/warehouse-locations/ridgefield-wa-1703.html",
    "https://www.costco.com/warehouse-locations/madison-al-1712.html",
    "https://www.costco.com/warehouse-locations/highland-ca-1715.html",
    "https://www.costco.com/warehouse-locations/weatherford-tx-1735.html",
    "https://www.costco.com/warehouse-locations/stuart-fl-1717.html",
    "https://www.costco.com/warehouse-locations/brentwood-ca-brentwood-ca-1662.html",
    "https://www.costco.com/warehouse-locations/genesee-county-flint-mi-1716.html",
    "https://www.costco.com/warehouse-locations/midland-tx-midland-tx-1756.html",
    "https://www.costco.com/warehouse-locations/indian-land-sc-1714.html",
    "https://www.costco.com/warehouse-locations/allen-tx-1739.html",
    "https://www.costco.com/warehouse-locations/mechanicsburg-pa-1719.html",
    "https://www.costco.com/warehouse-locations/the-villages-fl-1738.html",
    "https://www.costco.com/warehouse-locations/spring-valley-las-vegas-nv-1709.html",
    "https://www.costco.com/warehouse-locations/richland-wa-1718.html",
    "https://www.costco.com/warehouse-locations/w-roseville-ca-roseville-ca-1702.html",
    "https://www.costco.com/warehouse-locations/fruitport-mi-1744.html",
    "https://www.costco.com/warehouse-locations/brentwood-home-showroom-brentwood-tn-1785.html",
    "https://www.costco.com/warehouse-locations/kalispell-mt-1746.html",
    "https://www.costco.com/warehouse-locations/yorkville-il-1763.html",
    "https://www.costco.com/warehouse-locations/e-colorado-springs-home-s-colorado-springs-co-1801.html",
    "https://www.costco.com/warehouse-locations/fort-myers-fl-1810.html"
]